{
  "corpus_size": 1993,
  "n_queries": 89,
  "full_precision": {
    "precision@1": 0.2247191011235955,
    "precision@3": 0.15730337078651685,
    "precision@5": 0.13707865168539324,
    "precision@10": 0.09213483146067412,
    "recall@1": 0.21348314606741572,
    "recall@5": 0.6329588014981273,
    "recall@10": 0.8558052434456928,
    "mrr@10": 0.402733190654539,
    "ndcg@10": 0.505400481150211,
    "hit@1": 0.2247191011235955,
    "hit@5": 0.6629213483146067,
    "latencies_ms": 39.681698909661144
  },
  "turboq": {
    "precision@1": 0.12359550561797752,
    "precision@3": 0.1385767790262172,
    "precision@5": 0.12134831460674159,
    "precision@10": 0.08539325842696628,
    "recall@1": 0.10674157303370786,
    "recall@5": 0.5730337078651685,
    "recall@10": 0.8033707865168539,
    "mrr@10": 0.31462457642232916,
    "ndcg@10": 0.42434404665447056,
    "hit@1": 0.12359550561797752,
    "hit@5": 0.5955056179775281,
    "latencies_ms": 8.313044428392418
  },
  "full_memory_mb": 2.91943359375,
  "turboq_memory_mb": 0.7488651275634766
}