{
  "version": "v3",
  "corpus_size": 4973,
  "n_queries": 215,
  "full_precision": {
    "precision@1": 0.27906976744186046,
    "precision@3": 0.19379844961240306,
    "precision@5": 0.14790697674418601,
    "precision@10": 0.093953488372093,
    "recall@1": 0.26434108527131783,
    "recall@5": 0.6775193798449612,
    "recall@10": 0.8589147286821704,
    "mrr@10": 0.45963639719453675,
    "ndcg@10": 0.5516868360691101,
    "hit@1": 0.27906976744186046,
    "hit@5": 0.6976744186046512,
    "latencies_ms": 13.190072549095508
  },
  "full_memory_mb": 7.28466796875,
  "turboq_4bit": {
    "precision@1": 0.26046511627906976,
    "precision@3": 0.17674418604651163,
    "precision@5": 0.14046511627906974,
    "precision@10": 0.08837209302325581,
    "recall@1": 0.24341085271317828,
    "recall@5": 0.6472868217054263,
    "recall@10": 0.8147286821705426,
    "mrr@10": 0.43019748984865264,
    "ndcg@10": 0.517091160457146,
    "hit@1": 0.26046511627906976,
    "hit@5": 0.6651162790697674,
    "latencies_ms": 7.018023470232566
  },
  "turboq_4bit_memory_mb": 1.8970489501953125,
  "turboq_6bit": {
    "precision@1": 0.2651162790697674,
    "precision@3": 0.19069767441860466,
    "precision@5": 0.15162790697674416,
    "precision@10": 0.093953488372093,
    "recall@1": 0.2527131782945736,
    "recall@5": 0.6930232558139535,
    "recall@10": 0.8589147286821704,
    "mrr@10": 0.4494942783314876,
    "ndcg@10": 0.5446222192935856,
    "hit@1": 0.2651162790697674,
    "hit@5": 0.7162790697674418,
    "latencies_ms": 6.607008530138342
  },
  "turboq_6bit_memory_mb": 1.8970489501953125,
  "turboq_8bit": {
    "precision@1": 0.2744186046511628,
    "precision@3": 0.18914728682170542,
    "precision@5": 0.1506976744186046,
    "precision@10": 0.093953488372093,
    "recall@1": 0.2596899224806201,
    "recall@5": 0.6914728682170542,
    "recall@10": 0.8589147286821704,
    "mrr@10": 0.4567183462532299,
    "ndcg@10": 0.5494640653920714,
    "hit@1": 0.2744186046511628,
    "hit@5": 0.7116279069767442,
    "latencies_ms": 6.835062609617274
  },
  "turboq_8bit_memory_mb": 1.8970489501953125
}