{
  "MS MARCO": {
    "corpus_size": 4973,
    "n_queries": 215,
    "metrics": {
      "Full": {
        "precision@1": 0.27906976744186046,
        "precision@3": 0.19379844961240306,
        "precision@5": 0.14790697674418601,
        "precision@10": 0.093953488372093,
        "recall@1": 0.26434108527131783,
        "recall@5": 0.6775193798449612,
        "recall@10": 0.8589147286821704,
        "mrr@10": 0.45963639719453675,
        "ndcg@10": 0.5516868360691101,
        "hit@1": 0.27906976744186046,
        "hit@5": 0.6976744186046512,
        "latencies_ms": 12.69638777614387,
        "memory_mb": 7.28466796875
      },
      "TurboQ-4bt": {
        "precision@1": 0.26046511627906976,
        "precision@3": 0.17674418604651163,
        "precision@5": 0.14046511627906974,
        "precision@10": 0.08837209302325581,
        "recall@1": 0.24341085271317828,
        "recall@5": 0.6472868217054263,
        "recall@10": 0.8147286821705426,
        "mrr@10": 0.43019748984865264,
        "ndcg@10": 0.517091160457146,
        "hit@1": 0.26046511627906976,
        "hit@5": 0.6651162790697674,
        "latencies_ms": 10.21977363771564,
        "memory_mb": 1.8970489501953125
      },
      "TurboQ-6bt": {
        "precision@1": 0.2651162790697674,
        "precision@3": 0.19069767441860466,
        "precision@5": 0.15162790697674416,
        "precision@10": 0.093953488372093,
        "recall@1": 0.2527131782945736,
        "recall@5": 0.6930232558139535,
        "recall@10": 0.8589147286821704,
        "mrr@10": 0.4494942783314876,
        "ndcg@10": 0.5446222192935856,
        "hit@1": 0.2651162790697674,
        "hit@5": 0.7162790697674418,
        "latencies_ms": 8.17922366523119,
        "memory_mb": 1.8970489501953125
      },
      "TurboQ-8bt": {
        "precision@1": 0.2744186046511628,
        "precision@3": 0.18914728682170542,
        "precision@5": 0.1506976744186046,
        "precision@10": 0.093953488372093,
        "recall@1": 0.2596899224806201,
        "recall@5": 0.6914728682170542,
        "recall@10": 0.8589147286821704,
        "mrr@10": 0.4567183462532299,
        "ndcg@10": 0.5494640653920714,
        "hit@1": 0.2744186046511628,
        "hit@5": 0.7116279069767442,
        "latencies_ms": 7.454695381348693,
        "memory_mb": 1.8970489501953125
      }
    }
  },
  "HotpotQA": {
    "corpus_size": 4932,
    "n_queries": 500,
    "metrics": {
      "Full": {
        "precision@1": 0.534,
        "precision@3": 0.3,
        "precision@5": 0.2204,
        "precision@10": 0.13219999999999998,
        "recall@1": 0.267,
        "recall@5": 0.551,
        "recall@10": 0.661,
        "mrr@10": 0.6451309523809524,
        "ndcg@10": 0.5524363532173634,
        "hit@1": 0.534,
        "hit@5": 0.798,
        "latencies_ms": 9.323709147894988,
        "memory_mb": 7.224609375
      },
      "TurboQ-4bt": {
        "precision@1": 0.464,
        "precision@3": 0.27933333333333327,
        "precision@5": 0.202,
        "precision@10": 0.12220000000000002,
        "recall@1": 0.232,
        "recall@5": 0.505,
        "recall@10": 0.611,
        "mrr@10": 0.5908103174603174,
        "ndcg@10": 0.5035361604765275,
        "hit@1": 0.464,
        "hit@5": 0.756,
        "latencies_ms": 9.052832562010735,
        "memory_mb": 1.88140869140625
      },
      "TurboQ-6bt": {
        "precision@1": 0.522,
        "precision@3": 0.302,
        "precision@5": 0.21960000000000002,
        "precision@10": 0.13060000000000002,
        "recall@1": 0.261,
        "recall@5": 0.549,
        "recall@10": 0.653,
        "mrr@10": 0.6370246031746032,
        "ndcg@10": 0.5463949456081097,
        "hit@1": 0.522,
        "hit@5": 0.798,
        "latencies_ms": 8.565076897968538,
        "memory_mb": 1.88140869140625
      },
      "TurboQ-8bt": {
        "precision@1": 0.542,
        "precision@3": 0.296,
        "precision@5": 0.2192,
        "precision@10": 0.132,
        "recall@1": 0.271,
        "recall@5": 0.548,
        "recall@10": 0.66,
        "mrr@10": 0.6482666666666667,
        "ndcg@10": 0.5531932241770628,
        "hit@1": 0.542,
        "hit@5": 0.794,
        "latencies_ms": 8.924661250319332,
        "memory_mb": 1.88140869140625
      }
    }
  },
  "NQ Open": {
    "corpus_size": 974,
    "n_queries": 175,
    "metrics": {
      "Full": {
        "precision@1": 0.06285714285714286,
        "precision@3": 0.045714285714285714,
        "precision@5": 0.03885714285714286,
        "precision@10": 0.02457142857142857,
        "recall@1": 0.03314285714285715,
        "recall@5": 0.07047619047619047,
        "recall@10": 0.08104761904761905,
        "mrr@10": 0.10166666666666666,
        "ndcg@10": 0.07107747476208978,
        "hit@1": 0.06285714285714286,
        "hit@5": 0.1657142857142857,
        "latencies_ms": 10.349992137551974,
        "memory_mb": 1.4267578125
      },
      "TurboQ-4bt": {
        "precision@1": 0.05142857142857143,
        "precision@3": 0.04571428571428571,
        "precision@5": 0.032,
        "precision@10": 0.026285714285714287,
        "recall@1": 0.026,
        "recall@5": 0.06257142857142857,
        "recall@10": 0.09095238095238095,
        "mrr@10": 0.0988140589569161,
        "ndcg@10": 0.0715701566029347,
        "hit@1": 0.05142857142857143,
        "hit@5": 0.13714285714285715,
        "latencies_ms": 11.81379429064691,
        "memory_mb": 0.371551513671875
      },
      "TurboQ-6bt": {
        "precision@1": 0.05714285714285714,
        "precision@3": 0.05142857142857143,
        "precision@5": 0.03885714285714286,
        "precision@10": 0.02457142857142857,
        "recall@1": 0.032,
        "recall@5": 0.07076190476190476,
        "recall@10": 0.08104761904761904,
        "mrr@10": 0.09907709750566893,
        "ndcg@10": 0.07119876319724895,
        "hit@1": 0.05714285714285714,
        "hit@5": 0.16,
        "latencies_ms": 8.48713528547835,
        "memory_mb": 0.371551513671875
      },
      "TurboQ-8bt": {
        "precision@1": 0.06857142857142857,
        "precision@3": 0.04761904761904761,
        "precision@5": 0.04,
        "precision@10": 0.024,
        "recall@1": 0.03428571428571429,
        "recall@5": 0.0719047619047619,
        "recall@10": 0.0799047619047619,
        "mrr@10": 0.10566666666666667,
        "ndcg@10": 0.07226834831706513,
        "hit@1": 0.06857142857142857,
        "hit@5": 0.1657142857142857,
        "latencies_ms": 9.680990033999219,
        "memory_mb": 0.371551513671875
      }
    }
  },
  "aggregate_average": {
    "Full": {
      "mrr@10": 0.40214467208071863,
      "ndcg@10": 0.3917335546828544,
      "memory_mb": 5.31201171875,
      "latencies_ms": 10.790029687196943
    },
    "TurboQ-4bt": {
      "mrr@10": 0.3732739554219621,
      "ndcg@10": 0.3640658258455361,
      "memory_mb": 1.3833363850911458,
      "latencies_ms": 10.362133496791095
    },
    "TurboQ-6bt": {
      "mrr@10": 0.39519865967058654,
      "ndcg@10": 0.3874053093663148,
      "memory_mb": 1.3833363850911458,
      "latencies_ms": 8.410478616226028
    },
    "TurboQ-8bt": {
      "mrr@10": 0.40355055986218774,
      "ndcg@10": 0.3916418792953998,
      "memory_mb": 1.3833363850911458,
      "latencies_ms": 8.68678222188908
    }
  }
}